gaia_dr3_id,log_bf_PR,log_bf_PR_std,period,period_std,ra,dec,bp_rp,mean_mag_g_fov,quaia_unwise_id,CatNorth_CATWISE2020_id,CatNorth_PS1_id,AllWISE,AllWISE_R90_id,AllWISE_C75_id,Milliquas_v65_id,SDSS_DR14Q_id,LQAC_v5,Gaia_unWISE_id
44567982277833984,3.2855491833220456,1.2894233247589812,502.8886919864078,11.384988653503331,55.70087476851313,17.6333339983786,0.8308506,20.216707,0555p181o0004099,0555p181_b0-009714,129160557008860626,,J034248.22+173759.7,J034248.22+173759.7,SDSS J034248.21+173800.0,,,0555p181o0004099
2407922424651417344,3.435277964689333,1.8314030871159273,539.1853822230576,10.093247590590575,354.2524815748619,-14.557572587936969,0.68805695,19.432816,3537m152o0018381,3537m152_b0-002368,90533542524611294,J233700.59-143327.2,J233700.59-143327.2,J233700.59-143327.2,WISEA J233700.59-143327.2,,,3537m152o0018381
1270114875599306112,4.574718798375431,2.9023166626769052,574.839148867515,7.595436877738741,230.37988809744058,25.434565986609975,0.6002865,19.537634,2300p257o0008446,2300p257_b0-010530,138522303799192094,J152131.17+252604.5,J152131.17+252604.5,J152131.17+252604.5,SDSS J152131.17+252604.4,152131.17+252604.4,LQAC_230+025_033,2300p257o0008446
2482974779125235584,3.088276463450431,1.7086942789569932,513.6185386581978,9.833293259652276,17.327540820329926,-4.802565055652174,0.52829933,19.851114,0167m046o0007271,0167m046_b0-004196,102230173275487422,J010918.61-044809.0,J010918.61-044809.0,J010918.61-044809.0,WISEA J010918.61-044809.0,,,0167m046o0007271
2509986073263441280,3.9335299297979707,2.1750330744380313,554.8463060497015,14.200082566511893,22.909118741516394,-0.17083771718974528,0.5701027,19.601595,0226p000o0008864,0226p000_b0-016437,107790229091075460,,,J013138.18-001014.5,SDSS J013138.18-001015.0,013138.18-001015.0,LQAC_022-000_048,0226p000o0008864
2511716116154871680,3.2958151672071283,1.4967579899661856,444.9040263277949,10.42395018979201,29.04878412671934,2.589525925509607,0.7184086,19.662704,0287p030o0025400,0287p030_b0-007195,111100290487847885,,,,SDSS J015611.70+023522.3,015611.70+023522.3,LQAC_029+002_040,0287p030o0025400
2554847968743026816,3.2712665467580004,1.2974204931338431,627.1524496552141,20.066537808173862,8.048778360609116,4.624838090837972,0.81009865,19.930744,,0075p045_b0-001683,113550080487640289,J003211.70+043729.5,J003211.70+043729.5,J003211.70+043729.5,WISEA J003211.70+043729.5,,,0075p045o0013353
2566375519230701056,3.066396587229977,1.521859317097328,390.21159490220737,10.337255868085544,21.126084329202246,7.568439624792337,0.935915,19.752832,0213p075o0010920,0213p075_b0-003757,117080211260752565,,,,SDSS J012430.26+073406.4,012430.26+073406.4,LQAC_021+007_014,0213p075o0010920
2568373301794109056,3.274926014821508,1.443428075931762,155.27388369210988,1.7072764379535739,27.61435044013113,7.166192668473229,0.43517303,19.102604,0274p075o0005551,0274p075_b0-001309,116590276143299907,J015027.44+070958.2,J015027.44+070958.2,J015027.44+070958.2,SDSS J015027.43+070958.2,,,0274p075o0005551
2611562526554715136,3.533845926622861,2.008431867432494,589.041430638435,18.40289002785045,343.54898301554243,-6.762997710696731,0.44831085,18.825668,3432m061o0001071,3432m061_b0-003521,99883435489084806,J225411.77-064547.1,J225411.77-064547.1,J225411.77-064547.1,WISEA J225411.77-064547.1,,,3432m061o0001071
2660961453686811776,3.4904297448103474,1.646791458989571,119.92483659965009,0.9751484960535228,350.5798447435505,5.200871586139775,0.89619637,20.18558,3508p045o0021354,3508p045_b0-003032,114243505798031536,J232219.15+051203.0,J232219.15+051203.0,J232219.15+051203.0,SDSS J232219.15+051203.0,,,3508p045o0021354
2692135185314992000,3.2923409246349253,1.5846661471126693,496.93203914574167,7.20403547735735,319.3565203666203,1.9444747170679775,0.51659393,19.368134,3191p015o0024592,3191p015_b0-006475,110333193564723745,J211725.56+015640.1,J211725.56+015640.1,J211725.56+015640.1,SDSS J211725.57+015640.1,,,3191p015o0024592
2693462948684386304,4.291284173043708,3.1786226078470916,468.7517215441351,7.633780849453511,325.6204289884213,1.0024093872753341,0.58589745,20.41619,3252p015o0004913,3252p015_b0-022753,109203256204523392,,,J214228.89+010009.0,SDSS J214228.89+010008.6,214228.89+010008.6,LQAC_325+001_010,3252p015o0004913
2730890908609838336,3.461178628956196,1.9627587409755107,470.1221478723912,15.29978079088953,337.41904542193413,12.331098967944252,0.9796219,19.414871,3368p121o0017409,3368p121_b0-007314,122793374190387804,,J222940.57+121952.0,J222940.57+121952.0,SDSS J222940.56+121951.9,,,3368p121o0017409
2734475660117468416,3.0966297633566215,1.6368913404804362,526.675320793911,15.461509704686005,336.5993216719581,14.548396987602228,0.645483,19.873573,3365p151o0032020,3365p151_b0-010208,125453365993278646,,,,SDSS J222623.83+143254.1,,,3365p151o0032020
2759339023928632320,3.2395257415264496,1.6143739764038105,568.3612657284887,18.755391695127678,358.1747369770847,9.420603907799247,0.8503189,20.479952,,3584p090_b0-029766,119303581747275303,,,,SDSS J235241.93+092514.1,235241.93+092514.1,LQAC_358+009_008,3584p090o0025086
382033733207003648,3.8998535555485585,2.5779999871998087,546.168667910561,12.147142663072382,6.003848022445122,41.55900984403215,0.74168205,19.35312,0059p408o0029666,0059p408_b0-018791,157870060038391477,,J002400.91+413332.8,J002400.91+413332.8,,,,0059p408o0029666
2762238191275730560,3.044934717115502,1.345487715871114,475.0188015354057,5.0912319663694285,349.2399822956746,9.794913636769726,0.4242363,19.448471,3492p090o0022615,3492p090_b0-003311,119753492399484382,,J231657.59+094741.7,,SDSS J231657.59+094741.7,,,3492p090o0022615
2772573634937189248,3.112648119009676,0.9865375630042946,192.75175623616454,4.27782750699497,1.9055841562076319,16.24268911330046,0.53630066,20.678059,,0015p166_b0-007289,127490019055681746,,J000737.32+161433.6,J000737.32+161433.6,SDSS J000737.33+161433.7,000737.33+161433.7,LQAC_001+016_033,0015p166o0006234
2772983684054688128,4.1132734160491395,2.2361238998630735,592.551256376351,13.90012820607898,1.3190715226904248,17.503322637252086,0.5637207,19.73141,0015p181o0001836,0015p181_b0-015439,129000013191164532,,J000516.57+173012.1,J000516.57+173012.1,SDSS J000516.58+173011.9,000516.58+173011.9,LQAC_001+017_007,0015p181o0001836
2779591645857992064,4.3152407968469015,2.3966252276667084,532.6229027780187,15.948911635428425,8.963818215014962,14.2866281500402,0.53889275,20.065523,,0093p136_b0-004163,125140089637994500,,J003551.23+141711.4,J003551.23+141711.4,SDSS J003551.31+141711.9,,,0093p136o0021985
2786180675445743872,4.1278129447130345,2.512504696022012,449.7805851512216,9.18219341273249,21.825785038402238,18.90225518620407,1.1073341,20.072142,0222p181o0022498,0222p181_b0-001890,130680218257963242,J012718.20+185408.2,,,WISEA J012718.20+185408.2,,,0222p181o0022498
2787794930314514688,3.129748300685146,1.6301948606451193,498.9288220909793,9.023836668085044,14.398941541088604,17.746440257984474,0.57621,19.94851,0142p181o0005246,0142p181_b0-004270,129290143989406260,,J005735.75+174447.0,J005735.75+174447.0,SDSS J005735.74+174447.1,005735.74+174447.1,LQAC_014+017_013,0142p181o0005246
2796001959982334976,3.373732945137434,1.0995214087586846,396.52620573389805,14.698454908753323,6.283883092359713,19.650131552856465,0.46372223,20.534178,,0064p196_b0-039337,131580062838340721,,,,SDSS J002508.13+193900.3,002508.13+193900.3,LQAC_006+019_006,
2799965875494150272,5.807438029979151,4.324528854807573,145.02317533694688,1.1426380046700413,6.436796076501851,22.452769634496523,1.0941029,20.595688,,0065p227_b0-003047,134940064368203869,,J002544.83+222709.8,J002544.83+222709.8,,,,0065p227o0008207
2797236539741595136,4.318530212405111,2.2315516384340612,320.18983680526173,6.5017550394297725,2.424728709672426,18.796259209594563,0.6856842,20.521284,,0031p181_b0-006652,130550024247335994,,,,SDSS J000941.93+184746.5,000941.93+184746.5,LQAC_002+018_047,0031p181o0025951
2836862152828306304,3.8935090442941944,2.4123360794770083,491.5393211715997,7.955260207774689,343.95559785742773,23.063630758461727,0.43717766,19.440662,3437p227o0021180,3437p227_b0-018619,135673439555816885,,,,SDSS J225549.34+230349.0,225549.34+230349.0,LQAC_343+023_026,3437p227o0021180
2858120862257789184,5.494289161731338,3.4076446619224394,499.0484540648079,7.820759572852072,9.567160226049767,29.01236076504257,0.6072254,19.343683,0102p287o0017620,0102p287_b0-009851,142810095671305470,J003816.10+290044.5,J003816.10+290044.5,J003816.10+290044.5,SDSS J003816.10+290044.5,003816.10+290044.5,LQAC_009+029_036,0102p287o0017620
2852800978326374144,3.7387521358459828,1.2739320101069516,267.84401864962854,3.764547094155223,356.96762930995067,26.040634235860757,0.5049896,20.549994,,3566p257_b0-006401,139243569676029319,,,,SDSS J234752.22+260226.3,234752.22+260226.3,LQAC_356+026_014,3566p257o0019370
1289877153999303040,3.609605576523269,1.8142665860576235,332.9093375898525,6.1143379733284124,225.51996638819443,33.760318576115935,0.43411446,20.419691,2249p333o0023663,2249p333_b0-033969,148512255199733047,,,J150204.80+334537.1,SDSS J150204.79+334537.1,,,2249p333o0023663
2860871050077003264,6.547960948352534,4.88444276353186,485.2527016230675,7.495753677277674,3.898343218578061,30.84682586464291,0.7789898,19.217627,0034p302o0024733,0034p302_b0-010823,145010038983166805,J001535.59+305048.5,J001535.59+305048.5,J001535.59+305048.5,SDSS J001535.59+305048.5,,,0034p302o0024733
2870984254949874560,3.0501990627063162,1.4683568389947677,316.66087227105845,5.686200200142227,351.42432293824635,32.03523557874189,1.0544872,20.583261,,3511p318_b0-024868,146443514243222900,,,,SDSS J232541.83+320206.8,,,3511p318o0039478
2871445362638687744,3.9266104923491634,2.515100959942716,580.0356888212925,8.436483351387276,353.73595824274537,31.704525431355563,0.7768364,17.598885,3529p318o0037254,3529p318_b0-002377,146043537359846021,J233456.63+314216.1,,,SDSS J233456.63+314216.3,,,3529p318o0037254
2974553856534555648,3.0550168391874974,0.9992473732244004,602.357387705639,10.576339613557385,73.43299480944304,-19.914043878994374,0.90138435,20.175714,0736m197o0010635,0736m197_b0-006596,84100734329953697,J045343.91-195450.5,J045343.91-195450.5,J045343.91-195450.5,WISEA J045343.91-195450.5,,,0736m197o0010635
3079166306243858560,3.9650415484175334,2.2690454091028447,438.9433758003782,7.3742024634218035,129.93568718037596,2.5544229736845634,0.68442154,20.233047,1300p030o0005661,1300p030_b0-022431,111061299357235766,,,J083944.51+023315.6,SDSS J083944.57+023315.8,,,1300p030o0005661
3135056230337287296,5.293714608381979,3.1241576514146936,359.0191993768013,11.753617179129433,112.20105204001925,2.063737879115417,0.9941311,20.286081,1119p015o0035943,1119p015_b0-019470,110471122010696876,J072848.24+020349.5,,,WISEA J072848.24+020349.5,,,1119p015o0035943
3165020705332166528,3.3620148082598456,2.0654735696581374,166.628865437553,2.2492744098950994,114.07009904351514,14.10861401061734,0.83224297,20.098177,1148p136o0034229,1148p136_b0-018903,124931140701130833,,J073616.80+140630.2,J073616.80+140630.2,,,,1148p136o0034229
3230404950983326976,3.17753432698791,1.6959729087673379,557.4489903200481,11.510733094799317,69.70905303574614,-0.044487367919109885,0.63038826,20.088636,0695p000o0013272,0695p000_b0-016269,107940697090567060,,J043850.16-000240.7,J043850.16-000240.7,SDSS J043850.17-000240.2,,,0695p000o0013272
3267788586845570048,3.4152312463773775,1.650400333544972,587.0197150842258,10.210890474896026,50.55085684026092,1.3284516613981205,0.9211216,19.766893,0499p015o0009429,0499p015_b0-001854,109590505508614570,J032212.20+011942.3,J032212.20+011942.3,J032212.20+011942.3,WISEA J032212.20+011942.3,,,0499p015o0009429
502097761557482112,3.3391781614260245,1.9787576423751758,572.6591708106346,10.057026823347313,70.0894591845574,74.68042777903544,0.81277275,19.7086,0688p742o0031800,0688p742_b0-022670,197610700895217315,,,,,,,0688p742o0031800
3505247845353618432,3.1009376954605243,1.6041449782116164,579.1665902595208,12.66605364969181,195.01298122553604,-22.214024983777293,0.57073784,18.824183,1954m228o0022373,1954m228_b0-003148,81341950130203520,J130003.10-221250.4,J130003.10-221250.4,J130003.10-221250.4,WISEA J130003.10-221250.4,,,1954m228o0022373
3564151024011111296,3.7717789630566063,1.979499696327492,505.13201445587856,9.975153513145237,166.10971847139888,-13.635368940827234,0.45042992,20.230236,1660m137o0012695,1660m137_b0-007383,91631661097157948,,J110426.37-133807.6,J110426.37-133807.6,,,,1660m137o0012695
3565293206139312256,3.405698437755003,1.1178879880547603,630.2247166092131,12.034748689665875,169.93170344243816,-12.256447687212725,0.53582,20.278732,1699m122o0010243,1699m122_b0-010860,93291699317752609,,J111943.61-121523.4,J111943.61-121523.4,SDSS J111943.60-121523.1,,,1699m122o0010243
3586454578725489024,3.2936619991919454,1.8292187286765338,521.4934112284747,11.58028838066208,173.184726924207,-11.551505030226922,0.3891182,19.869013,1730m122o0018835,1730m122_b0-008658,94131731847518597,,J113244.32-113305.4,J113244.32-113305.4,,,,1730m122o0018835
3611046942987407232,3.1071190817970935,1.4466471521322912,436.14922614650845,7.681688241135987,200.28949534915907,-12.544234956353696,0.8703785,20.547348,,2008m122_b0-007347,92942002894997383,,,J132109.49-123239.1,,,,2008m122o0005270
3652933903599018496,3.04383542148885,1.2480059028630395,486.59238661361917,8.031966460165211,215.9560694593187,-0.6458201250082449,0.585001,19.427263,2163p000o0002305,2163p000_b0-006054,107222159559765440,J142349.45-003845.4,J142349.45-003845.4,J142349.45-003845.4,2QZ J142349.4-003845,142349.45-003845.0,LQAC_215-000_037,2163p000o0002305
3657269625840446592,3.0657609717965157,1.6069552092087707,353.1062711324832,6.19125081125865,207.79935400166198,-3.427747939232428,0.455101,19.712948,,2072m031_b0-003195,103882077994177120,J135111.85-032540.7,J135111.85-032540.7,J135111.85-032540.7,SDSS J135111.84-032539.8,,,2072m031o0006019
3673728932655978112,3.4204184403393914,1.6301189900516495,507.4965302128401,9.050389331674047,215.1949105917161,7.750003093666018,0.48526382,19.506731,2150p075o0017330,2150p075_b0-007414,117302151949360489,,J142046.77+074459.9,J142046.77+074459.9,SDSS J142046.77+074459.9,,,2150p075o0017330
566749522011068800,4.999374464913888,3.0038729016919095,580.7987935158047,7.866381064430688,0.32393549735455307,81.90443299883538,0.9694042,19.023638,0000p817o0024442,0000p817_b0-006889,206280003236676129,J000117.72+815416.0,J000117.72+815416.0,J000117.72+815416.0,WISEA J000117.72+815416.0,,,0000p817o0024442
3674279959779611008,3.42237781639663,1.5149419045352757,604.7599135144995,9.626492811002882,212.99099973366495,7.741431405939898,0.64072037,20.26999,2135p075o0015701,2135p075_b0-005282,117292129909920244,,J141157.84+074428.9,J141157.84+074428.9,SDSS J141157.83+074429.0,,,2135p075o0015701
3706963119009020800,3.5877047298046882,1.7786421954718379,392.10287903555906,20.51961135682545,188.01363922640255,4.108377344579041,0.8557167,20.590254,,1883p045_b0-010242,112931880137220537,,,,SDSS J123203.26+040630.1,,,1883p045o0004637
3708500751661651072,3.214894798384352,1.2830896612267526,217.9033663613077,2.7125929912710234,187.98803346802995,6.164407485554682,0.7604122,20.093426,1883p060o0012181,1883p060_b0-014389,115391879880817743,,,,SDSS J123157.13+060951.8,123157.13+060951.8,LQAC_187+006_051,1883p060o0012181
3709815144797643776,3.055127303415146,1.2987828961848045,402.4856775791035,9.39165184249816,192.80776360684953,8.019673943191426,0.5662155,19.826344,1922p075o0018134,1922p075_b0-011931,117621928077344097,J125113.86+080110.8,J125113.86+080110.8,J125113.86+080110.8,SDSS J125113.86+080110.9,,,1922p075o0018134
3725246588630243968,3.079167431120618,1.5495980419990882,427.80286696629696,5.372848458185319,207.6911205627402,9.685063293597638,0.4302845,18.84079,2083p090o0021425,2083p090_b0-002497,119622076911262620,J135045.86+094106.3,J135045.86+094106.3,J135045.86+094106.3,LAMOSTJ135045.86+094106.2,,,2083p090o0021425
3725562075452672384,3.160377305694931,1.7832258462921682,574.3035972102998,11.392806342074783,206.499804278092,10.372962652881863,0.5591049,19.689548,2061p106o0008967,2061p106_b0-010318,120442064997738065,,J134559.99+102222.5,J134559.99+102222.5,SDSS J134559.95+102222.6,,,2061p106o0008967
3744087746868772864,3.0632928683572085,1.609192378530949,316.2934437785405,9.049656137034761,198.8957074345885,15.169057604351512,0.5967159,20.546938,,1987p151_b0-006846,126201988957383213,,J131534.95+151008.8,J131534.95+151008.8,,,,1987p151o0024861
3758169845120732672,3.4879047942264116,1.3077990588237387,432.2609680422993,8.237284571220892,163.37717453070434,-10.180831967464883,0.5478554,17.704145,1630m107o0019349,1630m107_b0-001281,95781633772053415,J105330.52-101050.9,J105330.52-101050.9,J105330.52-101050.9,WISEA J105330.52-101050.9,,,1630m107o0019349
3765548186618697600,3.0595540476222434,1.516135876697525,476.519972263151,8.954071455343433,152.1621325346261,-12.381785702142784,0.46536636,19.566902,1514m122o0008505,1514m122_b0-004084,93141521621602249,,J100838.91-122254.2,J100838.91-122254.2,,,,1514m122o0008505
3768259754091518848,3.613545659639689,1.8877664011843869,613.7944926095868,11.096309306559991,156.16875099319347,-9.32575197617195,0.48544884,18.930576,1562m091o0008511,1562m091_b0-003943,96801561687729472,J102440.51-091932.7,J102440.51-091932.7,J102440.51-091932.7,WISEA J102440.51-091932.7,,,1562m091o0008511
3771397730212626816,3.4409021601201135,1.966216978141765,428.8879096514441,15.938795596569813,150.01014274241243,-8.43162065742242,0.6789322,18.985142,1501m091o0022651,1501m091_b0-007726,97881500101542461,,,J100002.42-082553.9,,,,1501m091o0022651
3792098196973856000,3.58457619651046,1.9047492132205153,625.4621719568827,6.631527092328317,174.61646980468745,-4.0163468564638185,0.3508644,19.63217,1746m046o0018976,1746m046_b0-005552,103181746164690744,,J113827.95-040058.6,J113827.95-040058.6,,,,1746m046o0018976
3772724699013559296,3.485116682171926,2.037925151691298,384.2936086491011,11.539096368768208,152.73444140733213,-6.960744216104228,1.1550083,20.14374,1525m076o0022521,1525m076_b0-006895,99641527344497513,,J101056.26-065738.4,J101056.26-065738.4,,,,1525m076o0022521
3810499726655171968,3.0785516879060077,1.1754638554564127,540.4691581354473,7.53357596984288,168.58762158615815,1.6416608131491972,0.56811714,19.087503,1678p015o0012804,1678p015_b0-001440,109971685876210454,,J111421.05+013830.3,,SDSS J111421.03+013829.8,111421.03+013829.8,LQAC_168+001_030,1678p015o0012804
3810509244303553792,3.0781324186437407,1.0602797149502694,583.7625688595926,17.01246788232066,169.01396732369662,1.7040391572203197,0.83075714,19.40704,1694p015o0013522,1694p015_b0-004525,110041690139835401,J111603.34+014214.6,J111603.34+014214.6,J111603.34+014214.6,SDSS J111603.35+014214.5,111603.35+014214.5,LQAC_169+001_003,1694p015o0013522
3822731415557081728,4.166253419433628,2.037398061602266,409.0616690114013,8.016208371433503,146.7840651882758,-5.086452231039893,0.86748123,20.084532,1473m046o0003713,1473m046_b0-003031,101891467840926681,,J094708.17-050511.1,J094708.17-050511.1,,,,1473m046o0003713
3833390802831725824,3.2001025046161087,0.5977774613745979,571.4102374325089,13.024729338589479,151.05367041804837,0.2159933919871835,0.6606655,18.566336,1512p000o0014967,1512p000_b0-004159,108251510536689626,J100412.87+001257.6,J100412.87+001257.6,J100412.87+001257.6,2QZ J100412.8+001257,100412.88+001257.5,LQAC_151+000_006,1512p000o0014967
3846850989822335488,3.620323536612352,1.9710385608506047,154.7495447059933,2.5390775265972034,148.14037976937084,2.2360540342029602,1.0880451,20.065779,1482p015o0022779,1482p015_b0-002346,110681481403593756,J095233.68+021409.8,J095233.68+021409.8,J095233.68+021409.8,WISEA J095233.68+021409.8,,,1482p015o0022779
586825573541329536,4.393738918783325,2.657437006220538,597.4079157112895,6.554826994790699,139.50901225641158,7.176273160012656,0.70160294,19.938036,,1388p075_b0-006327,116611395090241994,,J091802.19+071035.5,J091802.19+071035.5,SDSS J091802.16+071034.5,,,1388p075o0005895
3870752104863883264,3.32554208543043,1.3791691150512229,520.2747750508155,12.768208178545649,160.79804467665573,11.3971572548038,0.66116524,18.374489,1606p121o0000900,1606p121_b0-000858,121671607980217066,J104311.53+112349.8,J104311.53+112349.8,J104311.53+112349.8,SDSS J104311.52+112349.7,104311.52+112349.7,LQAC_160+011_015,1606p121o0000900
3910443688648412544,3.2749941959053546,1.4384404677520135,663.3496837163732,16.481792570048974,174.157582432619,7.2918107335328886,0.42012024,19.923618,1738p075o0007279,1738p075_b0-010090,116751741575400652,,J113637.82+071730.2,J113637.82+071730.2,SDSS J113637.81+071730.4,,,1738p075o0007279
3912069758970991232,4.041681792523479,2.630992443817953,632.2290095829364,12.371927872434574,178.48836029275643,9.376222867758575,0.4203415,19.62112,1777p090o0015839,1792p090_b0-002890,119251784884291963,,J115357.21+092234.2,J115357.21+092234.2,SDSS J115357.20+092234.4,,,1777p090o0015839
3948946451254090752,4.778547179606311,3.3142506525935387,549.4607381096793,10.970876300901715,186.32950911760878,19.92152950158102,0.5072155,20.46427,1856p196o0016603,1856p196_b0-017323,131901863295216343,,J122519.10+195517.5,J122519.10+195517.5,SDSS J122519.07+195517.4,,,1856p196o0016603
3973138284045004288,3.339714996525101,1.1687674439818363,579.2225340645788,12.011041209391701,175.1927789359756,17.235714375822905,0.6001568,18.649248,1744p166o0020546,1744p166_b0-002951,128681751927693390,J114046.27+171408.4,J114046.27+171408.4,J114046.27+171408.4,SDSS J114046.26+171408.5,114046.26+171408.5,LQAC_175+017_006,1744p166o0020546
3995957307849856640,3.3765874042841117,1.7609664569349472,591.3061985908246,16.649806366700673,164.53196805020318,24.4653247477718,0.719471,19.54672,1651p242o0014679,1651p242_b0-004260,137351645320258938,,,,SDSS J105807.66+242755.1,105807.66+242755.1,LQAC_164+024_023,1651p242o0014679
1350554768330099712,3.063120266679438,1.4911679597957836,623.4214885640109,18.091897838559255,267.99337855129176,45.55675319445982,0.41432,20.2366,2684p454o0021007,2684p454_b0-034106,162662679933758751,,,,SDSS J175158.41+453324.6,,,2684p454o0021007
612576067144170496,3.2244346235761077,1.655924957871779,381.61703755048455,6.188401662131372,146.13508786857412,10.277507526449732,0.5831795,20.39458,1461p106o0006872,1461p106_b0-024254,120331461352173494,,,J094432.43+101638.8,SDSS J094432.42+101638.9,,,1461p106o0006872
4422599945782956160,3.367889342075584,1.968801514686924,506.3846196351105,9.078681182893087,236.65806132940028,0.7541081331100631,0.4041977,18.203508,2359p000o0029263,2359p000_b0-001955,108902366580725381,,,,SDSS J154637.93+004514.8,,,2359p000o0029263
4423913037543949696,3.7709509533340486,2.2253642113388192,510.12488790102145,8.20413565095057,235.4148192331941,2.5710499193331673,0.5973358,19.23523,2359p030o0005776,2359p030_b0-010343,111082354148205808,,J154139.55+023415.5,J154139.55+023415.5,SDSS J154139.55+023415.7,154139.55+023415.7,LQAC_235+002_007,2359p030o0005776
1357790791791640576,4.461407758481613,2.7564615198828437,468.6894445417822,8.042755881974706,251.08999873094115,44.32771064706381,0.2799816,20.505302,,2517p439_b0-008920,161192510900003940,J164421.55+441939.6,J164421.55+441939.6,J164421.55+441939.6,SDSS J164421.60+441939.7,,,2517p439o0028010
623172266859487744,3.9004306703100227,2.3278494939753402,492.6663068511265,8.055831634405104,150.3781579729017,17.942958568566105,0.30161095,20.227526,1506p181o0007528,1506p181_b0-003772,129531503781732065,,J100130.75+175635.2,J100130.75+175635.2,SDSS J100130.75+175634.5,,,1506p181o0007528
4562525925837665024,3.5117356847878898,1.6896054083287901,372.4371491317957,4.908409737737822,249.2399909730888,18.289173337085114,0.5648155,19.909433,2489p181o0019219,2489p181_b0-019691,129942492399857569,,,J163657.60+181721.3,SDSS J163657.59+181721.1,,,2489p181o0019219
4610127426335523328,3.0944123057525794,1.3926639237399852,598.6538794361851,15.38073739521309,271.2333824499614,38.38545113123317,0.5454273,20.428638,2709p378o0044921,2709p378_b0-024191,154062712334313167,,J180456.04+382307.5,J180456.04+382307.5,,,,2709p378o0044921
4638165488245720960,3.338575054003217,1.5494011191029242,554.5757763697732,14.779362261260346,27.28426141941646,-74.9570802925034,0.59980583,20.45993,0290m758o0035908,,,J014908.39-745725.3,,,,,,
638093326843024128,3.0972421520173543,1.0839640729737288,571.7163690730653,24.217951818927453,142.60719780905418,22.39323419696653,0.52194595,20.385666,1433p227o0007145,1433p227_b0-012517,134871426072402344,,J093025.68+222335.8,J093025.68+222335.8,SDSS J093025.72+222335.5,,,1433p227o0007145
4668610351034498944,4.056180759058808,2.533787007930687,655.8569558117996,12.062454774494475,65.74078823640004,-67.04090202159598,0.69615364,20.251574,0668m667o0009578,,,J042257.77-670227.3,,,WISEA J042257.77-670227.3,,,
4679313302160498048,3.441738171669473,1.7825732678470907,528.8766667779405,16.420714201745128,59.383022283036894,-62.88505010285148,1.1989956,20.642117,,,,J035731.94-625306.2,J035731.94-625306.2,J035731.94-625306.2,,,,0594m637o0037313
643899916468517632,3.4849978929354237,1.195417946648278,537.647358996994,16.55551162353959,148.88421251638698,26.37842729160547,0.70957375,20.61763,,1483p257_b0-007130,139651488842224680,,J095532.21+262242.3,J095532.21+262242.3,SDSS J095532.21+262242.3,,,1483p257o0020438
4698097496248861952,3.2963004400310867,1.4952853415974339,557.9579474453452,14.565679151768249,32.76316790901531,-65.79077198753794,0.62384605,17.76674,0314m652o0002213,,,J021103.15-654726.7,J021103.15-654726.7,J021103.15-654726.7,WISEA J021103.15-654726.7,,,0314m652o0002213
1367426946056723328,3.200621042391395,0.9531599807325692,476.82459716350843,11.61429103696959,266.95191113218095,50.1156411685048,0.75694275,20.660185,,2670p499_b0-025916,168132669518689453,,,J174748.41+500656.4,SDSS J174748.47+500656.6,,,2670p499o0024167
4717620566444896000,3.1459555110291535,1.6522976375563885,467.56417249067243,13.778653387114135,27.23765702510288,-59.46997278989906,0.8162155,20.43747,0259m591o0006979,,,,J014857.05-592811.8,J014857.05-592811.8,,,,0259m591o0006979
4727739200156730112,3.4415462874933707,1.693822144129571,517.5645903452731,9.28159221461187,42.49478791030495,-58.122044381856696,0.5575142,20.338633,0415m576o0040636,,,,,,,,,0415m576o0040636
664913988857080320,3.283145252658983,1.9141496966096432,303.709407325882,4.641748432393569,131.1165111410392,21.652976242402072,1.1324215,19.906878,1307p212o0018156,1307p212_b0-002753,133981311164824132,,J084427.96+213910.9,,,,,1307p212o0018156
4848165204054990208,3.59454450831126,1.6155547969617143,571.6030446297754,15.505878598569621,54.20131158972796,-44.43058769520135,0.51026154,20.011251,0541m440o0005700,,,,J033648.26-442550.2,J033648.26-442550.2,,,,0541m440o0005700
4857840077449572480,3.308207495464131,1.671222144901864,314.1631332982754,6.344600720688015,61.225951933578635,-36.202371784357055,0.5421696,20.656088,,,,,,,,,,0615m364o0016846
4912961898180018176,3.570493197391715,1.9512849658177944,544.5640319576504,15.209681881629443,26.231814010369877,-53.48173596998621,0.45727348,20.60467,,,,,J014455.63-532854.0,J014455.63-532854.0,,,,0271m531o0005699
4926410574657104640,3.412547075272404,1.6660542488463443,611.9598403718409,16.956555968367198,11.149915733635046,-50.81044041675703,0.5276909,20.705984,,,,,,J004435.96-504837.6,,,,0119m515o0026625
4939085809124005888,3.2583578052213107,1.4211933217861645,382.52800550357654,8.161907810483923,36.74058998656418,-48.27588578323383,0.51174545,19.891201,0359m485o0018987,,,J022657.76-481632.8,J022657.76-481632.8,J022657.76-481632.8,WISEA J022657.76-481632.8,,,0359m485o0018987
4968129546210583040,3.6728068666397826,1.2290468639573262,503.89368314604127,7.8917793135915115,31.811745630707254,-36.318499648888405,0.41339874,20.553886,,,,,J020714.81-361906.0,J020714.81-361906.0,,,,0317m364o0014473
678930837966297728,3.1083426184616103,1.077233681516169,467.1475838145731,16.345017452683823,125.2534010406892,23.57056898772839,0.9776478,20.615734,,1255p242_b0-003188,136281252534475195,J082100.81+233414.1,J082100.81+233414.1,J082100.81+233414.1,WISEA J082100.81+233414.1,,,1255p242o0002100
4987204492404588288,3.2159862495459715,1.5651919274313901,571.6378585084839,9.752787077203347,13.960594198142399,-41.291161717322424,0.47112465,19.925344,0138m409o0006323,,,,J005550.54-411728.1,J005550.54-411728.1,,,,0138m409o0006323
1412136181219377920,3.3210535058664323,1.1577518842556314,607.6697171310525,14.65085970595058,253.04526120347015,50.058818815064136,0.6839676,20.460375,2531p499o0020579,2531p499_b0-012750,168072530453741348,,J165210.85+500331.5,J165210.85+500331.5,SDSS J165210.84+500331.7,165210.84+500331.7,LQAC_253+050_016,2531p499o0020579
1429287810993935488,3.3217742776852437,2.2058330082317976,518.0194384503615,11.68537089838011,241.83831858896068,55.258723218750156,0.46907234,18.950869,2425p545o0036954,2425p545_b0-003045,174312418384111261,J160721.19+551531.4,J160721.19+551531.4,J160721.19+551531.4,SDSS J160721.20+551531.4,160721.20+551531.4,LQAC_241+055_012,2425p545o0036954
5067271066579024896,3.3543975985915737,1.154700125423591,406.95906465612546,8.939188154554927,38.51524800837403,-30.472854389373886,0.27307892,20.302923,0382m303o0009862,0382m303_b0-005152,71430385150642791,,J023403.65-302822.6,J023403.65-302822.6,2QZ J023403.6-302822,,LQAC_038-030_014,0382m303o0009862
5119830196287118976,3.157104164295347,1.5653301800015713,457.95610896010646,10.553262853795815,34.3625281817231,-24.643715334811485,0.5238037,19.99593,0346m243o0006118,0346m243_b0-003883,78420343625057868,J021727.00-243836.9,J021727.00-243836.9,J021727.00-243836.9,WISEA J021727.00-243836.9,,,0346m243o0006118
5137127403977968256,4.907641484379055,3.1173952275221195,480.7423182714718,9.77747514008562,33.42885862256144,-19.280416167890078,0.5586529,19.135777,0336m197o0017983,0336m197_b0-004345,84860334287943830,,J021342.93-191649.5,J021342.93-191649.5,,,,0336m197o0017983
1434168813691526272,3.204585886271953,2.0302101257065988,110.53907583949159,0.8127792275450937,258.47153707803864,58.854617975683965,0.89229774,20.554575,,2592p590_b0-005395,178622584715716254,,,,SDSS J171353.17+585116.6,,,2592p590o0013742
1434547458007904640,3.561124657479372,1.8225765421412743,307.67015561872273,5.151875637066664,264.20894976711656,58.449405174433466,0.552578,20.167637,2649p590o0004348,2649p590_b0-008070,178132642090119946,,J173650.09+582657.7,J173650.09+582657.7,,,,2649p590o0004348
306283291928455168,4.968484572153449,3.300404066915963,443.53908465670565,5.851905093228739,17.274780932719608,25.093878043172147,0.69452286,20.16511,0166p257o0002399,0166p257_b0-019327,138110172747283210,,,J010905.91+250537.5,SDSS J010905.94+250537.9,010905.94+250537.9,LQAC_017+025_046,0166p257o0002399
5158611173989883392,3.7353486917655925,1.9113673817380064,406.7991579873238,15.318815565428523,41.32197022851786,-13.607593112163459,0.57990456,20.242292,0418m137o0011779,0418m137_b0-001879,91670413219711295,J024517.25-133627.4,J024517.25-133627.4,J024517.25-133627.4,WISEA J024517.25-133627.4,,,0418m137o0011779
5173468771536637824,3.112227666610796,1.4887409632844182,598.1739129499468,11.018675494188262,43.311467038483414,-8.855861119764086,0.7385559,18.969223,0428m091o0015166,0428m091_b0-002156,97370433114653422,J025314.75-085121.2,J025314.75-085121.2,J025314.75-085121.2,SDSS J025314.75-085121.0,025314.75-085121.0,LQAC_043-008_010,0428m091o0015166
5176981608107886848,3.214442703500784,1.55540355006552,585.0702737170183,16.97464359636825,38.69070799053442,-8.985710197862975,0.68902206,19.005056,0382m091o0013943,0382m091_b0-001501,97210386906887519,J023445.77-085908.6,J023445.77-085908.6,J023445.77-085908.6,SDSS J023445.76-085908.5,023445.76-085908.5,LQAC_038-008_019,0382m091o0013943
5196196364077918464,3.4385538428674596,1.7943825828972444,480.92122070089215,15.647805338584202,130.76292108898485,-81.51773976642487,0.5956497,20.381157,1264m818o0059910,,,,,J084303.30-813104.6,,,,1264m818o0059910
5223092037697347712,3.593093737474653,1.6911055947231939,605.3864332854387,13.70942126447751,132.61420443030036,-70.27301435649802,0.57012177,20.55411,,,,,,J085027.43-701622.9,,,,1339m697o0005076
5473865346928875392,3.681236302692175,2.304275838643787,361.13796986155035,4.831037494868846,153.9084333605931,-23.62935787413901,0.9620266,19.878975,,1535m243_b0-004099,79641539084305076,J101538.02-233745.7,J101538.02-233745.7,J101538.02-233745.7,WISEA J101538.02-233745.7,,,1535m243o0026042
5479964166130098688,3.2363348633928295,1.122887068489332,587.408286950944,13.928506380185567,103.2103276891087,-60.1758928429402,0.8493881,19.97009,1020m606o0031846,,,J065250.47-601032.9,J065250.47-601032.9,J065250.47-601032.9,WISEA J065250.47-601032.9,,,1020m606o0031846
5503517496197831424,3.1013521745926944,1.5985430758742196,438.9905557047798,9.095992383705179,105.95422741177136,-53.26710920610744,0.6287594,20.541073,,,,,J070348.93-531601.1,J070348.93-531601.1,,,,1060m531o0014363
5509798525091285632,4.204832304743454,1.4655022422930573,491.07443617196145,11.288779849513192,108.27919472183328,-46.39089856318347,0.7572613,20.069078,1090m470o0036890,,,,J071306.96-462327.0,J071306.96-462327.0,,,,1090m470o0036890
5553075848221350784,3.7083052008369357,2.0379607517204947,579.1110188672365,13.21300832338409,91.27469231707406,-49.916557869102526,0.57585907,19.973711,0905m500o0021644,,,J060505.83-495459.5,J060505.83-495459.5,J060505.83-495459.5,WISEA J060505.83-495459.5,,,0905m500o0021644
5572100182520281856,3.3165249381515634,1.3989444279648713,480.57444226224777,11.235352903130616,90.30000907159662,-42.976019731013004,0.66963005,18.716946,0910m425o0004715,,,,,,,,,0910m425o0004715
723111620351503872,3.277015044234175,1.9623191687456494,581.1551882013374,21.226380153655743,159.70301744792135,22.78713249199278,0.5159111,19.788948,1596p227o0011595,1596p227_b0-003295,135341597030245121,J103848.74+224713.8,J103848.74+224713.8,J103848.74+224713.8,WISEA J103848.74+224713.8,,,1596p227o0011595
725854111588717952,4.915239969354244,3.853796812181673,533.2151250582153,7.380065889136473,156.44284286245798,24.366576135617155,0.71465683,19.310942,1568p242o0013398,1568p242_b0-005711,137241564428970440,,J102546.27+242159.7,J102546.27+242159.7,SDSS J102546.28+242159.6,102546.28+242159.6,LQAC_156+024_031,1568p242o0013398
5684443092326077056,3.429211802838,1.4107700959649834,128.3484854057433,0.9628602391521576,147.25376776325908,-16.945696722128254,0.7321186,20.200605,1477m167o0008768,1477m167_b0-017049,87661472538785509,,J094900.89-165644.7,J094900.89-165644.7,,,,1477m167o0008768
5690069327684946304,3.2167343439670937,1.7251071676665135,288.8478794391666,5.93249971044379,143.27190295652653,-13.113081100710861,0.7125397,19.157104,1427m137o0022977,1427m137_b0-005700,92261432719504654,J093305.24-130647.0,J093305.24-130647.0,J093305.24-130647.0,WISEA J093305.24-130647.0,,,1427m137o0022977
5752737951415670272,4.464282472834976,2.7856270994271384,404.11097306033673,5.946920933213003,124.60253945221494,-8.98529309820159,0.6990452,19.669811,1240m091o0048007,1240m091_b0-010309,97211246025808033,J081824.64-085907.2,J081824.64-085907.2,J081824.64-085907.2,WISEA J081824.64-085907.2,,,1240m091o0048007
5775175242825897344,3.200999689122271,1.3131495954398738,590.123796432281,15.129248130885962,247.6730699261512,-80.85236801202915,0.75211143,18.442802,2427m803o0004781,,,J163041.53-805108.5,J163041.53-805108.5,J163041.53-805108.5,WISEA J163041.53-805108.5,,,2427m803o0004781
732279794980509184,3.7007260324117706,1.6842931160173655,358.90900370613895,6.503542531108535,165.72341003902926,28.962838823244503,0.6900635,20.109655,1662p287o0014422,1662p287_b0-008430,142751657234395978,,J110253.66+285746.6,J110253.66+285746.6,SDSS J110253.62+285746.2,110253.62+285746.2,LQAC_165+028_045,1662p287o0014422
6150437251416818048,3.399278041117514,1.3163960576113043,535.1538371452004,8.208299502344264,188.0769090967573,-38.456271881581614,0.65532684,18.787582,1875m379o0040796,,,J123218.46-382722.4,J123218.46-382722.4,J123218.46-382722.4,WISEA J123218.46-382722.4,,,1875m379o0040796
6213080659394764160,3.1350195938619647,1.5765819283766678,160.89577515702214,2.6055802096158023,229.82990633122134,-28.569352381885423,0.9892616,20.230028,2297m288o0023573,2297m288_b0-012283,73712298299567065,,J151919.19-283410.1,J151919.19-283410.1,,,,2297m288o0023573
6280826754807669248,3.70509161615199,1.9627990544107945,500.30163399955825,7.233876201710647,222.35114876586277,-19.62279448186714,0.839962,19.22379,2224m197o0014009,2224m197_b0-008716,84452223511593067,J144924.27-193722.1,J144924.27-193722.1,J144924.27-193722.1,WISEA J144924.27-193722.1,,,2224m197o0014009
6283888379294255232,3.124579737362376,1.597572401332338,394.399752991995,8.778575358832107,215.56530787119908,-19.309070793380158,0.7488823,19.86968,2160m197o0019873,2160m197_b0-002512,84822155653349523,J142215.67-191832.6,J142215.67-191832.6,J142215.67-191832.6,SDSS J142215.66-191832.6,,,2160m197o0019873
6326313241609881216,3.600315679274475,2.0031715462768838,206.26022766034518,1.6425941858856559,223.33442894931648,-9.321124302527242,0.7048969,19.590809,2236m091o0009128,2236m091_b0-006671,96812233344285040,J145320.25-091915.9,J145320.25-091915.9,J145320.25-091915.9,WISEA J145320.25-091915.9,,,2236m091o0009128
1463154036144153728,3.6406726423294815,1.7716924197442707,356.58761260099175,5.090392530801249,200.31791424792792,30.70496041367797,0.6209774,19.348932,2000p302o0031191,2000p302_b0-005418,144842003178836552,,J132116.23+304216.7,J132116.23+304216.7,SDSS J132116.30+304217.8,,,2000p302o0031191
6413283821094369664,4.40481237698625,2.6015994895630117,554.6736085115219,6.706980311265591,277.55948099709394,-77.05294237251067,0.86847496,18.817213,2764m773o0024724,,,J183014.28-770310.5,J183014.28-770310.5,J183014.28-770310.5,WISEA J183014.28-770310.5,,,2764m773o0024724
759562354957497984,3.1314314035801067,1.5182005387762738,454.39505475496475,13.289341836780116,173.66513607108325,35.11328296211852,0.38829613,19.946768,1736p348o0015927,1736p348_b0-018116,150131736651816618,,,J113439.64+350647.1,SDSS J113439.63+350647.8,,,1736p348o0015927
6465988361214835200,3.733936692704933,1.61541571245442,596.5559913069912,27.339498249611587,323.31701066100663,-50.43347507355908,0.6612816,20.700825,,,,,J213316.06-502600.5,J213316.06-502600.5,,,,3228m500o0005989
6483199772639573888,3.9092542980905374,1.560730163478118,366.44038284312205,8.918101770778339,315.6538111423989,-46.1168452896414,0.7424736,19.541134,3152m455o0002048,,,,J210236.95-460700.5,J210236.95-460700.5,,,,3152m455o0002048
6497648592378559360,3.248467415366815,1.50833085854668,537.0458683131926,16.40600120611606,355.1010245406042,-55.16509015332116,0.45623398,20.509851,,,,,J234024.17-550954.4,J234024.17-550954.4,J234024.24-550954.3,,,3548m546o0002556
6513535710766326784,3.662358184747056,2.0119250450816826,616.563415814421,12.779582601927574,342.29310104342085,-51.10334117819818,0.7795296,19.95718,3433m515o0020149,,,,J224910.35-510612.3,J224910.35-510612.3,,,,3433m515o0020149
6518727364154012032,3.8994144544596105,2.2050202739817477,558.9989038526893,18.467040968253016,336.4758167429873,-46.65444395501861,0.40206146,20.051292,3360m470o0019123,,,,J222554.15-463916.1,J222554.15-463916.1,,,,3360m470o0019123
6527271913831664128,3.3906185968731375,2.0661209327964007,339.95859510740905,4.936031895770163,348.49116620630195,-47.83277492058536,0.6082306,20.367107,3487m485o0027164,,,,J231357.87-474957.9,J231357.87-474957.9,,,,3487m485o0027164
765302359705657216,3.0469055610834914,0.7322059476518012,310.57838675690044,8.517205693055006,169.4462604095642,40.49466431277714,1.0073338,20.640676,,1701p408_b0-007918,156591694463104164,,,,SDSS J111747.09+402940.7,111747.09+402940.7,LQAC_169+040_077,
1472639488597223040,3.5500679745024817,1.4397530835031058,465.15825530755154,12.150238249971494,204.8408799228002,38.15501115824045,0.7755394,20.681837,,2046p378_b0-008172,153782048408866675,,J133921.81+380917.9,J133921.81+380917.9,SDSS J133921.80+380918.0,,,2046p378o0019357
6594828858880270976,3.5146424033973753,1.5033463154505364,479.9761889744086,15.624489124637236,336.28130662554366,-38.32773304558111,0.50058556,19.72474,3372m379o0005395,,,,J222507.52-381940.1,J222507.52-381940.1,,,,3372m379o0005395
6599094105002189440,3.382145617611908,1.636525529084882,528.1874802213324,12.30697022538532,334.1439078759284,-35.78974627895165,0.3258705,20.605099,,,,,J221634.52-354722.4,J221634.52-354722.4,,,,3338m364o0021288
6613330031802466816,3.475278721210382,0.9995683889359835,580.1928652891506,10.715968377680136,330.7991402378049,-31.572434705126657,0.63271904,20.3267,3300m319o0016050,3300m319_b0-016699,70113307990443384,,,,2QZ J220311.8-313421,,LQAC_330-031_040,3300m319o0016050
6619160746259915264,3.7807652980140083,1.8929710113866274,526.0983634770034,9.166359880258584,333.3953381805657,-26.08341865762961,0.5810547,19.96725,3333m258o0006822,3333m258_b0-007188,76703333952680233,,J221334.89-260459.8,J221334.89-260459.8,,,,3333m258o0006822
6645696630467396864,3.119957281003281,1.5451603029005865,579.9463308591705,10.03866950346014,295.0365883641802,-52.25199818998603,0.44651031,18.952234,2958m531o0034874,,,J194008.78-521507.1,J194008.78-521507.1,J194008.78-521507.1,WISEA J194008.78-521507.1,,,2958m531o0034874
6678495096684130176,3.342650656305821,1.8363511112073208,495.5691733388699,23.331645966775017,312.55059833599137,-40.25783950157463,0.583395,20.120028,,,,,,,,,,3125m409o0037051
6795527732820577920,3.056227034103992,1.482479514993529,554.720090060289,7.99796602709261,312.7105825955882,-29.0661045892023,0.6040802,19.215708,3120m288o0009103,3120m288_b0-008178,73123127105221004,,J205050.53-290358.0,J205050.53-290358.0,,,,3120m288o0009103
6802710021946319488,3.5935241888492895,1.374577285311496,347.126007579698,8.125382283900892,317.6123508788006,-26.93185365009252,0.66804886,20.191078,3177m273o0018069,3177m273_b0-021767,75683176123232142,,J211026.99-265555.1,J211026.99-265555.1,,,,3177m273o0018069
6814906590899646208,4.736014676746701,3.0836542760976906,577.6205654165863,6.347836361549476,324.26365442317916,-24.354187809476148,0.71284866,19.60819,3236m243o0010907,3236m243_b0-006243,78773242635785265,,J213703.26-242115.3,J213703.26-242115.3,,,,3236m243o0010907
6840272873908231808,4.1253185106914465,2.4217643155868966,501.73005238606595,12.169548432313329,327.649386623766,-14.182670264462113,0.76470375,19.502203,3274m137o0003565,3274m137_b0-004746,90983276492971167,,J215035.83-141057.7,J215035.83-141057.7,,,,3274m137o0003565
6907970732542794496,3.373430557753299,1.1960842325950265,620.077875947219,13.860933419634609,309.67379508546634,-6.876393188284768,0.4889698,20.238256,3096m076o0033100,3096m076_b0-032664,99743096738178729,,J203841.68-065235.3,J203841.68-065235.3,SDSS J203841.71-065235.0,,,3096m076o0033100
813127194208610688,3.2208225826494528,1.5869104433667263,484.32172590953604,7.6625121619234555,144.01323359524233,40.34220589084957,0.5668068,19.704664,1443p408o0003671,1443p408_b0-005234,156411440132391348,,J093603.21+402031.5,J093603.21+402031.5,SDSS J093603.17+402031.9,,,1443p408o0003671
865345440953449728,3.4147825892801804,0.7291714610153117,501.33713636960914,15.136954354732028,113.42136917395068,21.369611396796834,0.6987419,19.387678,1130p212o0018941,1130p212_b0-005264,133641134213634077,,J073341.13+212210.4,J073341.13+212210.4,SDSS J073341.12+212210.6,,,1130p212o0018941
906874647970126848,3.3374351758940786,1.6860352234624356,485.9872642665764,14.990296825781165,119.10504147429243,36.65375033404336,0.72065926,20.370865,1193p363o0029734,1193p363_b0-018782,151981191050255193,,,J075625.16+363913.5,SDSS J075625.20+363913.5,,,1193p363o0029734
966808751922894208,3.1823375829051472,1.3770361704317116,524.1767699174269,15.885098918371096,101.86107364832992,48.16646693714504,0.57580376,20.181824,1012p484o0010928,1012p484_b0-011422,165801018611100335,,J064726.65+480959.2,J064726.65+480959.2,,,,1012p484o0010928
1010071510817788288,3.0889607191980986,1.3222073700630845,593.1133158213319,13.793723287562662,133.5626122259589,44.88660363561087,0.470541,19.655903,1342p454o0027118,1342p454_b0-015641,161861335626654490,,,,SDSS J085415.02+445311.7,085415.02+445311.7,LQAC_133+044_062,1342p454o0027118
1045978781737090432,3.898071778467301,1.9022502534643702,443.5639494616573,8.486136645642892,148.5781274768262,56.11170642072114,0.2867298,20.39473,1493p560o0015595,1493p560_b0-008461,175331485781424745,,,,,,,1493p560o0015595
1158173493696019840,3.250254847720548,1.7537979545098006,497.98053697321546,12.083073674195855,224.89661685504274,4.707686801061232,0.76913834,19.665512,2248p045o0016547,2248p045_b0-006842,113642248966199674,,,,SDSS J145935.18+044227.7,145935.18+044227.7,LQAC_224+004_037,2248p045o0016547
1169314849316182656,3.476678108409183,2.0273278317441834,294.24714986573673,4.983275017119862,232.32190496640956,11.60534650861144,0.6986389,20.006943,2317p121o0004995,2317p121_b0-003731,121922323219697007,,J152917.25+113619.2,J152917.25+113619.2,SDSS J152917.25+113619.2,,,2317p121o0004995
1176831450105591936,3.29659067562188,1.3985073801506744,239.14685760446048,6.042487635559806,215.68215070181657,9.879862763951213,0.73994255,19.835106,2153p106o0001169,2153p106_b0-009392,119852156821666323,,J142243.70+095248.0,J142243.70+095248.0,SDSS J142243.71+095247.5,142243.71+095247.5,LQAC_215+009_012,2153p106o0001169
316429379070714880,3.3956586303585476,1.677211050982687,525.6497966921223,14.075373678024775,21.642837684792546,32.194698327615406,0.7484684,20.091314,0211p318o0021191,0211p318_b0-005292,146630216427984172,J012634.29+321140.9,J012634.29+321140.9,J012634.29+321140.9,SDSS J012634.27+321140.9,,,0211p318o0021191
1516618854196079232,3.546544989248414,2.04072818094352,619.5903061102381,12.07948568411186,192.57158388304137,34.77464935831436,0.5448437,19.670166,1918p348o0011913,1918p348_b0-002797,149731925715820210,J125017.17+344628.8,J125017.17+344628.8,J125017.17+344628.8,SDSS J125017.18+344628.7,,,1918p348o0011913
1543792150205554688,3.507609419531917,1.5406823079647503,603.9650275283753,16.257459789776515,189.35785453315145,48.0393402917169,0.33466148,20.586203,,1889p484_b0-031619,165641893578957934,,,,SDSS J123725.87+480221.6,123725.87+480221.6,LQAC_189+048_026,1889p484o0006579
1555538885759774976,3.1258810339718486,1.7545260602596087,630.1523063934026,17.952678555520404,195.5326865430983,49.08144828731724,0.47180748,20.612127,,1957p484_b0-007602,166891955327548351,,J130207.85+490453.3,J130207.85+490453.3,SDSS J130207.84+490453.2,130207.84+490453.2,LQAC_195+049_057,1957p484o0026621
1590271255490518528,3.2215790276399336,1.3235404336488392,595.822930170285,18.312955118284574,221.39165863391847,47.2692053075538,0.7261257,20.3421,2203p469o0021109,2203p469_b0-016399,164722213916203777,,J144533.99+471609.8,J144533.99+471609.8,SDSS J144533.99+471609.2,144533.99+471609.2,LQAC_221+047_054,2203p469o0021109
1235637833083981696,3.8802900234197946,2.039113177093824,434.3601633546361,9.443500738103142,217.60656414922028,17.753184406067337,0.50369453,19.926008,2172p181o0027376,2172p181_b0-015550,129302176065524322,,,,SDSS J143025.57+174511.3,143025.57+174511.3,LQAC_217+017_033,2172p181o0027376
1654354950685665024,3.6682025286589344,1.9880827253252478,479.74406186363433,8.804423451010946,241.85077325343178,72.73455872394793,0.7677841,19.404844,2432p726o0019438,2432p726_b0-009139,195282418509082283,J160724.19+724404.4,J160724.19+724404.4,J160724.19+724404.4,WISEA J160724.19+724404.4,,,2432p726o0019438
1671482563003627008,4.021384732651654,2.5809132231508447,503.24003598548927,9.574155495039308,210.97874060568557,65.67423422378593,0.7327862,20.147417,2097p651o0027398,2097p651_b0-003854,186802109783309686,,J140354.87+654027.2,J140354.87+654027.2,,,,2097p651o0027398
1694224002518759808,5.462683356761704,3.6536152509772486,448.57154673965715,10.53503037659804,226.1404345093465,69.17782949951128,0.77542686,19.323778,2260p696o0006989,2260p696_b0-006819,191012261402754090,J150433.68+691040.2,J150433.68+691040.2,J150433.68+691040.2,WISEA J150433.68+691040.2,,,2260p696o0006989
1704966089387025280,3.2955987931286854,1.808857735661271,442.4653375354024,11.917169837003618,250.87375759819128,76.57386741722257,0.6798496,19.935804,2507p772o0002898,2507p772_b0-011391,199882508737899409,,J164329.73+763425.4,J164329.73+763425.4,SDSS J164329.70+763426.1,,,2507p772o0002898
1245164448504095360,3.1437355366044697,1.6301193753861354,564.3856288011156,10.030816947987072,208.30422997585413,18.909223871532543,0.94846916,18.31296,2077p181o0024235,2077p181_b0-001426,130692083041621577,J135312.98+185433.2,J135312.98+185433.2,J135312.98+185433.2,SDSS J135313.01+185433.2,135313.01+185433.2,LQAC_208+018_007,2077p181o0024235
1719184595805692160,3.143198007026693,1.5835572737419898,556.2040155234587,23.61312374633953,198.16452527847963,81.76682368699893,1.011301,20.50173,,1945p817_b0-002686,206121981643111038,J131239.52+814600.5,J131239.52+814600.5,J131239.52+814600.5,WISEA J131239.52+814600.5,,,1945p817o0017436
1774891214982860544,3.310324233244891,1.962332546249649,567.561214898173,12.868753162710737,332.44144813227433,16.375400823147,0.5172062,19.51894,3317p166o0009828,3317p166_b0-006090,127653324414000998,,J220945.95+162231.3,J220945.95+162231.3,SDSS J220945.95+162231.4,,,3317p166o0009828
1878822276721369600,3.579199122789261,1.8831857723136936,269.34491922409165,3.74045620269809,337.1208139318091,24.96986004018505,0.7183666,19.647453,3366p257o0000155,3368p242_b0-014761,137963371208794316,,J222829.02+245811.3,J222829.02+245811.3,SDSS J222828.99+245811.5,222828.99+245811.5,LQAC_337+024_016,3366p257o0000155
1934079848482630912,3.132428512381083,0.9344343370187299,443.50912788530155,12.124683651259602,340.9257147100977,43.62258506376419,0.42783165,20.479643,3412p439o0013647,3412p439_b0-025244,160343409257207746,J224342.20+433721.1,,,,,,3412p439o0013647
2149768295724181888,3.7763056828089363,1.80186506586838,551.6264462156565,12.311200977414229,271.80963705867555,54.544237507219925,0.7743492,19.957182,2706p545o0043764,2706p545_b0-018269,173452718096023764,J180714.32+543239.0,J180714.32+543239.0,J180714.32+543239.0,WISEA J180714.32+543239.0,,,2706p545o0043764
2237414048365926528,4.468185058516302,2.042317542091469,671.4798077891389,12.303259243588148,300.18305565263114,60.58724128629725,0.6580181,19.384209,3000p605o0023960,3000p605_b0-021110,180703001830025366,J200043.93+603513.8,J200043.93+603513.8,J200043.93+603513.8,WISEA J200043.93+603513.8,,,3000p605o0023960
2297645875152068224,3.2232218285832603,1.3881536423800425,530.1846116354685,13.49340388751665,326.47709377452736,81.29216336872831,0.7251587,20.244814,3308p817o0008518,3308p817_b0-007051,205553264767881363,J214554.54+811731.7,J214554.54+811731.7,J214554.54+811731.7,WISEA J214554.54+811731.7,,,3308p817o0008518
2298676667301822464,3.133943113539761,1.5621066788258613,498.46964095634956,19.6005214078635,320.7132751491176,82.26085722551801,0.6227665,20.212112,3210p817o0057434,3210p817_b0-024946,206713207131333829,,J212251.18+821539.2,J212251.18+821539.2,,,,3210p817o0057434
